"_col0","avg_lifespan_minutes","num_users","edits","objects"
"2014-06-01 06:00:00.000","508230.10714285716","1","56","50"
"2013-11-13 15:00:00.000","5348.135849056604","4","835","835"
"2013-01-19 08:00:00.000","338509.8125","1","17","17"
"2014-08-25 07:00:00.000","807573.5","1","12","11"
"2015-05-02 11:00:00.000","537614.2666666667","1","36","31"
"2013-02-25 03:00:00.000","1478920.0","1","3","3"
"2018-11-22 01:00:00.000","8.076923076923077","1","51","25"
"2017-05-22 05:00:00.000","86311.0","1","18","18"
"2016-10-11 06:00:00.000","1168067.0","1","1","1"
"2015-04-25 08:00:00.000","7641.5","1","3","3"
"2017-05-30 06:00:00.000",,"1","2","2"
"2019-05-27 16:00:00.000",,"1","2","2"
"2013-04-08 00:00:00.000","431357.0","1","2","2"
"2014-04-28 03:00:00.000",,"1","1","1"
"2019-02-07 02:00:00.000",,"1","1","1"
"2013-11-14 13:00:00.000","1397321.0252707582","3","1506","1493"
"2011-02-18 02:00:00.000","283573.4","1","25","25"
"2017-10-08 12:00:00.000","199079.5","1","151","151"
"2011-03-16 13:00:00.000","1065417.9655172413","1","31","31"
"2017-09-15 20:00:00.000","77096.1","1","143","143"
"2013-11-07 15:00:00.000","8152.254385964912","2","499","498"
"2013-11-11 23:00:00.000","21260.48717948718","8","97","96"
"2015-05-05 03:00:00.000","20.5","1","5","3"
"2015-07-11 09:00:00.000","734529.6666666666","2","19","18"
"2017-09-14 19:00:00.000",,"1","61","61"
"2017-07-25 03:00:00.000",,"1","8","8"
"2013-11-09 05:00:00.000","300345.0689655172","2","29","27"
"2013-04-22 00:00:00.000","84023.0","1","3","3"
"2017-01-23 10:00:00.000",,"1","1","1"
"2016-11-28 10:00:00.000","115101.0","1","1","1"
"2017-07-10 09:00:00.000",,"1","2","2"
"2016-08-09 06:00:00.000",,"1","1","1"
"2013-01-19 07:00:00.000","134121.0","1","1","1"
"2015-11-13 01:00:00.000","259079.7","1","20","17"
"2017-11-23 10:00:00.000",,"1","2","2"
"2013-11-12 10:00:00.000","1063169.7777777778","1","16","16"
"2013-11-11 07:00:00.000","3634.722222222222","4","71","71"
"2011-03-20 05:00:00.000","1125283.0217391304","1","46","46"
"2015-03-16 16:00:00.000","1152223.7","1","25","25"
"2013-07-15 09:00:00.000","207939.0","1","15","14"
"2014-04-22 11:00:00.000","194098.33333333334","1","17","17"
"2018-03-25 02:00:00.000","19.0","1","57","53"
"2014-11-28 02:00:00.000","702542.5","1","34","34"
"2015-04-28 13:00:00.000","34108.0","1","14","14"
"2010-03-03 19:00:00.000","53899.555555555555","1","9","9"
"2017-11-25 04:00:00.000","72446.0","1","5","5"
"2015-07-12 17:00:00.000","646897.0","1","8","8"
"2015-05-01 03:00:00.000",,"1","2","2"
"2013-06-14 01:00:00.000","427125.44444444444","1","9","9"
"2013-11-28 02:00:00.000",,"1","2","2"
"2016-03-08 11:00:00.000",,"1","2","2"
"2019-05-25 08:00:00.000",,"1","2","2"
"2013-08-13 06:00:00.000","127650.71428571429","1","7","7"
"2017-11-13 17:00:00.000","83442.0","1","1","1"
"2017-01-11 07:00:00.000",,"1","1","1"
"2014-01-01 07:00:00.000","404.0","1","1","1"
"2011-10-13 18:00:00.000","182921.0","1","1","1"
"2018-10-22 01:00:00.000",,"1","1","1"
"2014-08-15 20:00:00.000",,"1","1","1"
"2017-01-29 20:00:00.000","430984.0","1","1","1"
"2013-11-10 13:00:00.000","4637.0","2","47","47"
"2013-11-13 23:00:00.000","1213443.144171779","4","469","469"
"2015-05-09 19:00:00.000","1404256.8181818181","1","39","39"
"2018-10-05 06:00:00.000","88305.5","6","28","27"
"2015-05-20 05:00:00.000","459544.25","1","23","22"
"2014-09-15 09:00:00.000","837941.4090909091","1","22","22"
"2013-03-13 03:00:00.000","326050.2","1","17","17"
"2013-11-12 07:00:00.000","1534.0","1","4","4"
"2015-05-09 21:00:00.000","719770.0","1","14","14"
"2013-04-17 00:00:00.000","303970.0","1","2","2"
"2017-05-19 06:00:00.000",,"1","3","3"
"2007-03-04 01:00:00.000","895960.0","1","1","1"
"2017-01-16 15:00:00.000","1151192.5","1","32","32"
"2014-07-17 04:00:00.000","294839.5","1","13","12"
"2013-04-18 03:00:00.000","518365.5","1","12","12"
"2017-05-06 21:00:00.000",,"1","9","9"
"2011-03-16 22:00:00.000","382049.4","1","12","12"
"2013-01-24 02:00:00.000","1187056.5","1","2","2"
"2007-03-04 03:00:00.000","895840.0","1","1","1"
"2012-09-16 09:00:00.000","308182.5","1","4","4"
"2014-06-10 06:00:00.000","638476.0","1","1","1"
"2008-07-14 17:00:00.000","58618.333333333336","1","3","3"
"2018-10-11 15:00:00.000",,"1","1","1"
"2018-06-01 06:00:00.000",,"1","1","1"
"2018-01-12 10:00:00.000",,"1","1","1"
"2019-02-25 23:00:00.000",,"1","1","1"
"2017-12-03 03:00:00.000","126674.0","1","33","33"
"2015-05-09 18:00:00.000","412052.5","1","38","37"
"2008-11-15 06:00:00.000",,"1","171","171"
"2014-07-17 02:00:00.000","660984.0","1","22","20"
"2011-03-02 02:00:00.000","847823.1666666666","1","6","6"
"2014-04-26 17:00:00.000","391069.5","1","9","9"
"2016-12-21 11:00:00.000","934345.0","1","6","6"
"2012-04-09 09:00:00.000","799500.7","1","11","11"
"2016-09-11 02:00:00.000","12.0","1","3","2"
"2013-04-18 01:00:00.000","560589.25","1","8","8"
"2010-03-03 17:00:00.000","11364.714285714286","1","7","7"
"2015-05-09 20:00:00.000","1.0","1","11","8"
"2013-04-12 01:00:00.000","715367.4","1","5","5"
"2017-10-23 00:00:00.000",,"1","4","4"
"2011-02-10 15:00:00.000","331347.3333333333","1","3","3"
"2018-12-20 11:00:00.000",,"1","1","1"
"2015-05-14 04:00:00.000","360260.0","1","1","1"
"2016-09-12 18:00:00.000","62871.0","1","1","1"
"2017-11-08 16:00:00.000","7254.0","1","1","1"
"2013-11-16 16:00:00.000","1378621.8125","1","92","92"
"2013-11-10 14:00:00.000","8227.60469667319","4","526","523"
"2013-07-15 10:00:00.000","177658.83636363636","1","58","58"
"2013-11-14 00:00:00.000","325348.675","3","438","436"
"2013-11-10 16:00:00.000","13615.95294117647","8","108","104"
"2013-11-15 00:00:00.000","16051.821656050955","3","632","328"
"2015-05-15 04:00:00.000",,"1","13","13"
"2013-11-07 22:00:00.000","7479.95","2","124","124"
"2017-01-16 16:00:00.000",,"1","11","11"
"2016-08-23 13:00:00.000","808993.0","1","10","10"
"2016-02-20 01:00:00.000",,"1","1","1"
"2013-11-23 16:00:00.000","1637761.0","1","5","5"
"2014-10-14 11:00:00.000",,"1","2","2"
"2015-05-13 10:00:00.000","62914.0","1","3","3"
"2016-08-16 13:00:00.000","681974.0","1","1","1"
"2016-12-01 11:00:00.000","627207.0","1","1","1"
"2012-09-11 06:00:00.000","610022.0","1","2","2"
"2015-04-28 09:00:00.000","142675.6875","2","58","34"
"2013-11-09 00:00:00.000","44107.79289940828","3","184","183"
"2017-03-10 06:00:00.000","898912.3333333334","1","12","12"
"2013-06-11 07:00:00.000","218860.4","1","5","5"
"2017-07-13 13:00:00.000","183081.66666666666","1","145","145"
"2013-11-13 08:00:00.000","111157.61458333333","2","170","168"
"2013-11-12 06:00:00.000","1530.0212765957447","2","47","47"
"2016-08-12 05:00:00.000",,"1","1","1"
"2013-12-10 11:00:00.000","1245884.0","1","9","9"
"2017-07-21 04:00:00.000",,"1","5","5"
"2016-04-30 04:00:00.000","548.0","1","6","6"
"2013-03-07 04:00:00.000","357819.4347826087","1","25","25"
"2013-05-16 02:00:00.000","258823.8","1","5","5"
"2013-04-05 01:00:00.000","4627.0","1","1","1"
"2011-11-17 01:00:00.000","1041807.0","1","3","3"
"2017-01-30 17:00:00.000","220555.0","1","2","2"
"2016-10-25 16:00:00.000",,"2","4","4"
"2017-09-01 10:00:00.000",,"1","2","2"
"2012-09-17 08:00:00.000","609518.0","1","1","1"
"2010-07-21 18:00:00.000","836797.5","1","2","2"
"2017-02-02 09:00:00.000",,"1","1","1"
"2013-11-15 07:00:00.000","15292.140350877193","3","59","59"
"2011-02-12 00:00:00.000","937689.5","1","44","44"
"2017-05-17 06:00:00.000","154315.0","1","13","13"
"2013-11-20 18:00:00.000","879108.4285714285","2","27","27"
"2011-03-22 11:00:00.000","1185472.5","1","15","15"
"2011-10-13 10:00:00.000","177148.6923076923","1","13","13"
"2012-03-14 13:00:00.000","634665.3333333334","1","3","3"
"2014-10-08 20:00:00.000","287619.0","1","11","11"
"2013-06-10 00:00:00.000","1506.0","1","1","1"
"2013-05-06 01:00:00.000","138854.5","1","5","5"
"2014-02-10 02:00:00.000","489326.0","1","6","6"
"2017-09-06 03:00:00.000",,"1","1","1"
"2013-11-16 07:00:00.000","2016618.5","1","2","2"
"2017-03-18 16:00:00.000",,"1","1","1"
"2016-04-30 13:00:00.000",,"1","1","1"
"2017-09-20 03:00:00.000",,"1","2","2"
"2010-10-30 20:00:00.000","1594172.0","1","1","1"
"2013-11-11 21:00:00.000","14277.227272727272","4","75","74"
"2013-11-10 23:00:00.000","30909.130653266333","5","247","239"
"2012-09-21 10:00:00.000","172665.0","1","1","1"
"2011-01-17 13:00:00.000","341096.75","1","4","4"
"2014-12-08 02:00:00.000",,"1","8","8"
"2011-03-30 14:00:00.000","1259175.6666666667","1","3","3"
"2013-06-14 06:00:00.000","217074.0","1","1","1"
"2015-07-12 09:00:00.000","993190.0","1","1","1"
"2017-08-17 20:00:00.000",,"1","5","5"
"2017-05-24 06:00:00.000",,"1","2","2"
"2017-06-05 08:00:00.000",,"1","1","1"
"2017-11-09 01:00:00.000","6503.0","1","1","1"
"2013-11-11 12:00:00.000","17668.556213017753","5","654","651"
"2014-04-24 06:00:00.000","83405.6","2","8","8"
"2018-04-06 13:00:00.000",,"1","10","10"
"2011-10-27 04:00:00.000","1086050.7857142857","1","16","16"
"2016-01-23 07:00:00.000","325475.0","1","6","6"
"2008-11-05 18:00:00.000","119615.0","1","1","1"
"2014-01-27 15:00:00.000","111631.0","1","2","2"
"2016-11-03 12:00:00.000",,"1","1","1"
"2018-10-02 01:00:00.000","1497.6666666666667","1","3","2"
"2016-10-13 09:00:00.000",,"1","2","2"
"2018-06-08 11:00:00.000","6897.0","1","1","1"
"2018-03-10 08:00:00.000",,"1","1","1"
"2013-12-05 07:00:00.000","1081894.0","1","2","2"
"2017-11-02 14:00:00.000","0.0","1","3","2"
"2015-05-18 16:00:00.000","1399436.0","1","2","2"
"2013-05-03 00:00:00.000","274448.5","1","2","2"
"2017-05-22 03:00:00.000",,"1","1","1"
"2013-11-08 05:00:00.000","209562.08823529413","2","48","48"
"2017-11-25 07:00:00.000","152184.33333333334","2","12","12"
"2013-11-15 02:00:00.000","120139.125","2","22","22"
"2013-11-14 04:00:00.000","461760.2727272727","2","550","550"
"2017-01-16 05:00:00.000","92685.39285714286","1","55","34"
"2016-01-23 05:00:00.000","1018167.5","3","6","6"
"2014-04-24 08:00:00.000","3314.0","1","3","3"
"2013-05-17 00:00:00.000","752118.0","1","3","3"
"2019-02-08 13:00:00.000","54604.375","1","9","9"
"2013-03-15 00:00:00.000","199552.0","1","2","2"
"2017-10-09 04:00:00.000",,"1","2","2"
"2013-11-17 21:00:00.000","1584335.0","1","5","5"
"2015-04-25 22:00:00.000","7144.5","1","6","5"
"2017-11-08 14:00:00.000","159.0","1","1","1"
"2016-09-11 22:00:00.000","62986.0","1","3","3"
"2016-01-20 13:00:00.000","849397.0","1","1","1"
"2013-11-07 21:00:00.000","22763.528925619834","2","675","675"
"2014-11-12 07:00:00.000","251401.0","1","4","4"
"2015-01-31 16:00:00.000","187803.92307692306","1","59","59"
"2017-11-25 02:00:00.000","89289.0","1","2","2"
"2013-11-07 23:00:00.000","269177.10975609755","2","390","388"
"2015-04-30 03:00:00.000","669770.0","1","9","9"
"2013-04-22 11:00:00.000","350159.5063291139","1","102","102"
"2013-11-16 18:00:00.000","581686.5","1","37","37"
"2017-09-20 14:00:00.000","404744.0","1","32","32"
"2013-07-15 11:00:00.000","202133.47826086957","1","25","25"
"2016-12-20 15:00:00.000","939916.0","1","5","5"
"2017-04-13 11:00:00.000",,"1","4","4"
"2015-06-26 03:00:00.000","156014.88888888888","1","14","9"
"2011-02-28 05:00:00.000","1417917.0","1","2","2"
"2016-01-15 23:00:00.000",,"1","1","1"
"2017-06-01 06:00:00.000",,"1","5","5"
"2015-05-14 06:00:00.000",,"1","1","1"
"2013-04-04 00:00:00.000","413093.6666666667","1","3","3"
"2015-06-03 06:00:00.000",,"1","1","1"
"2012-07-22 09:00:00.000","184455.0","1","1","1"
"2014-04-08 08:00:00.000","282456.0","1","1","1"
"2012-04-09 08:00:00.000",,"1","1","1"
"2013-03-06 03:00:00.000","356777.0","1","1","1"
"2017-02-11 05:00:00.000",,"1","1","1"
"2011-03-25 14:00:00.000","1099498.0","1","21","21"
"2013-11-09 15:00:00.000","21157.352097130242","11","1085","925"
"2013-11-23 15:00:00.000","413792.6052631579","1","38","38"
"2013-02-27 03:00:00.000","499582.55555555556","1","9","8"
"2016-07-05 11:00:00.000",,"1","2","2"
"2013-06-04 08:00:00.000","809097.8571428572","1","11","9"
"2018-03-22 07:00:00.000","8307.0","1","2","2"
"2017-05-26 08:00:00.000",,"1","2","2"
"2017-06-02 06:00:00.000",,"1","1","1"
"2016-10-31 17:00:00.000",,"1","3","3"
"2015-09-29 12:00:00.000",,"1","1","1"
"2011-03-30 13:00:00.000","1098586.2173913044","1","46","46"
"2013-11-13 21:00:00.000","737132.725","6","539","539"
"2016-11-21 09:00:00.000",,"1","77","77"
"2013-11-14 15:00:00.000","142744.13529411764","5","548","548"
"2018-01-05 20:00:00.000","556052.0","1","19","19"
"2013-11-12 20:00:00.000","430231.4166666667","2","155","152"
"2018-10-05 04:00:00.000","80.66666666666667","2","6","6"
"2011-07-02 04:00:00.000","543609.5555555555","1","18","17"
"2016-10-18 06:00:00.000","1100099.0","1","11","11"
"2017-05-24 03:00:00.000",,"1","17","17"
"2013-11-12 23:00:00.000",,"1","2","2"
"2013-06-03 01:00:00.000","198816.14285714287","1","14","14"
"2016-01-03 13:00:00.000","9260.0","1","2","2"
"2013-05-08 01:00:00.000","265748.3333333333","1","4","4"
"2013-11-22 13:00:00.000","1854036.0","1","2","2"
"2015-07-28 01:00:00.000",,"1","3","3"
"2016-05-12 03:00:00.000","7588.0","1","3","3"
"2013-12-12 18:00:00.000","719221.0","1","1","1"
"2017-09-15 01:00:00.000",,"1","2","2"
"2015-04-13 05:00:00.000",,"1","1","1"
"2019-01-24 07:00:00.000",,"1","1","1"
"2013-02-02 05:00:00.000","201021.5","1","2","1"
"2013-11-12 21:00:00.000","283478.53140096617","2","285","283"
"2015-11-16 07:00:00.000","571309.8333333334","1","27","25"
"2011-02-15 16:00:00.000","1016234.6666666666","1","12","12"
"2013-11-11 05:00:00.000","165409.83333333334","1","14","14"
"2017-12-05 07:00:00.000",,"1","3","3"
"2011-03-03 08:00:00.000","717997.5","1","4","4"
"2014-07-28 03:00:00.000","927495.0","1","3","3"
"2013-01-24 13:00:00.000","418548.0","1","2","2"
"2017-07-05 09:00:00.000",,"1","3","3"
"2016-11-23 23:00:00.000",,"1","1","1"
"2016-09-22 01:00:00.000",,"1","1","1"
"2013-04-08 06:00:00.000",,"1","2","2"
"2017-09-18 11:00:00.000","709641.0","1","1","1"
"2013-11-15 09:00:00.000","464557.4","7","375","375"
"2017-06-06 04:00:00.000",,"1","13","13"
"2013-11-11 17:00:00.000","147124.5646551724","5","671","629"
"2013-11-27 11:00:00.000","1059074.7142857143","1","39","39"
"2017-07-12 21:00:00.000","13851.25","1","66","66"
"2019-05-02 23:00:00.000","21.0","1","24","24"
"2015-04-24 10:00:00.000","186567.15384615384","8","44","41"
"2018-10-01 07:00:00.000",,"4","7","7"
"2015-11-26 11:00:00.000","547.0","1","1","1"
"2019-03-27 01:00:00.000",,"1","7","7"
"2017-02-01 20:00:00.000","64086.0","1","1","1"
"2013-11-24 19:00:00.000","809857.0","2","7","7"
"2016-12-22 14:00:00.000","1087056.0","1","2","2"
"2017-12-05 06:00:00.000","96.0","1","3","3"
"2016-05-28 09:00:00.000",,"1","1","1"
"2014-05-16 07:00:00.000","771138.0","1","7","7"
"2017-07-10 07:00:00.000",,"1","1","1"
"2013-11-17 03:00:00.000",,"1","1","1"
"2013-11-14 11:00:00.000","1075689.2896551725","6","277","276"
"2013-11-12 19:00:00.000","2539.2727272727275","1","44","44"
"2013-11-10 01:00:00.000","244786.00454545455","3","396","396"
"2011-02-11 04:00:00.000","1105322.953488372","1","44","44"
"2011-03-18 01:00:00.000","525381.3863636364","1","56","56"
"2018-03-05 09:00:00.000","240729.5","1","27","27"
"2013-11-23 03:00:00.000","257229.75","5","20","20"
"2017-09-13 21:00:00.000","1650.0714285714287","1","106","104"
"2015-11-15 05:00:00.000","223404.85714285713","1","14","11"
"2016-12-05 06:00:00.000",,"1","1","1"
"2015-05-20 15:00:00.000","283281.3333333333","1","7","7"
"2015-04-26 04:00:00.000",,"1","1","1"
"2017-07-03 07:00:00.000",,"1","1","1"
"2013-06-27 08:00:00.000","193556.0","1","1","1"
"2015-05-22 07:00:00.000",,"1","2","2"
"2008-07-17 18:00:00.000","1401.0","1","1","1"
"2010-11-21 17:00:00.000","139156.0","1","1","1"
"2013-11-08 22:00:00.000","167987.95909090908","3","227","220"
"2011-01-17 06:00:00.000","26501.246753246753","1","77","77"
"2013-05-28 04:00:00.000","236968.0","1","2","2"
"2013-11-14 22:00:00.000","562378.3214285715","4","107","107"
"2013-11-25 08:00:00.000","762305.6","1","168","168"
"2013-11-09 16:00:00.000","42123.138028169014","5","417","411"
"2013-11-17 14:00:00.000","1398082.8333333333","1","54","54"
"2011-08-16 03:00:00.000","924838.2264150943","1","53","53"
"2013-06-25 08:00:00.000","192694.70967741936","1","31","31"
"2013-11-23 19:00:00.000","1290898.0","1","3","3"
"2016-09-03 02:00:00.000","23626.666666666668","1","4","4"
"2014-11-28 01:00:00.000","326384.0","1","8","8"
"2017-12-14 11:00:00.000",,"1","2","2"
"2013-11-20 09:00:00.000","10264.0","1","5","5"
"2013-04-23 07:00:00.000","290353.0","1","4","4"
"2007-03-04 02:00:00.000","895914.0","1","3","3"
"2018-01-10 16:00:00.000",,"1","1","1"
"2014-02-04 09:00:00.000","120931.0","1","4","4"
"2010-03-03 18:00:00.000","19656.125","1","8","8"
"2013-06-05 07:00:00.000","317798.5","1","5","5"
"2011-02-11 17:00:00.000","62955.0","1","1","1"
"2015-05-01 04:00:00.000","754537.0","1","3","3"
"2014-12-01 17:00:00.000",,"1","1","1"
"2013-04-24 01:00:00.000","151571.5","1","4","4"
"2014-04-29 09:00:00.000","1826982.0","1","6","6"
"2015-03-13 22:00:00.000",,"1","1","1"
"2016-06-04 23:00:00.000",,"1","1","1"
"2018-12-28 14:00:00.000",,"1","1","1"
"2015-07-05 18:00:00.000",,"1","1","1"
"2013-11-23 01:00:00.000","250931.0","1","3","3"
"2014-03-23 14:00:00.000","2220024.0","1","1","1"
"2011-02-12 06:00:00.000","16535.8","1","5","5"
"2013-11-09 11:00:00.000","47384.703125","2","155","153"
"2013-11-11 03:00:00.000","11587.137254901962","3","129","124"
"2016-11-08 05:00:00.000","799548.3333333334","1","31","31"
"2018-02-20 11:00:00.000",,"1","17","17"
"2013-05-27 02:00:00.000","237435.0","1","2","2"
"2014-06-03 04:00:00.000","150055.0","1","4","4"
"2013-03-04 01:00:00.000","308146.6666666667","1","4","4"
"2018-02-10 01:00:00.000",,"1","1","1"
"2017-11-13 14:00:00.000","4.0","2","41","39"
"2016-08-30 05:00:00.000",,"1","1","1"
"2011-03-17 09:00:00.000","1156227.5","1","2","2"
"2014-06-01 10:00:00.000","717282.4285714285","1","11","11"
"2016-05-17 10:00:00.000",,"1","1","1"
"2016-09-06 07:00:00.000","0.0","1","5","4"
"2017-06-01 02:00:00.000",,"1","3","3"
"2012-09-15 05:00:00.000","1648.5","1","2","2"
"2017-03-13 11:00:00.000",,"1","1","1"
"2013-06-05 02:00:00.000","225748.53846153847","1","13","13"
"2013-11-12 03:00:00.000","42895.0989010989","1","230","227"
"2013-11-10 09:00:00.000","5816.728571428572","1","117","117"
"2015-05-23 15:00:00.000","1912041.0","1","3","3"
"2013-06-11 02:00:00.000","220887.5","1","5","5"
"2014-03-03 07:00:00.000",,"1","1","1"
"2017-12-04 13:00:00.000","463181.0","1","6","6"
"2017-11-13 13:00:00.000",,"1","2","2"
"2015-09-14 13:00:00.000",,"1","2","2"
"2016-04-11 14:00:00.000","268180.4285714286","1","10","9"
"2013-04-15 04:00:00.000","306491.0","1","1","1"
"2014-04-16 02:00:00.000","566397.0","1","2","2"
"2015-02-04 04:00:00.000","59.0","1","3","3"
"2017-07-02 21:00:00.000",,"1","2","2"
"2011-03-22 01:00:00.000","516998.0","1","2","1"
"2013-11-08 17:00:00.000","9098.149546827795","7","700","681"
"2016-11-17 06:00:00.000","1.0","1","24","15"
"2014-11-05 03:00:00.000","304406.81481481483","1","27","27"
"2011-03-10 15:00:00.000","1157020.95","1","22","22"
"2017-08-22 13:00:00.000","211255.5","1","10","10"
"2010-06-29 18:00:00.000","302734.28571428574","1","7","7"
"2011-03-16 15:00:00.000","551378.9642857143","1","29","29"
"2016-05-31 10:00:00.000",,"1","2","2"
"2016-09-01 05:00:00.000","773621.0","1","1","1"
"2019-01-16 11:00:00.000",,"1","2","2"
"2015-03-23 12:00:00.000","18917.0","1","1","1"
"2013-01-22 01:00:00.000","417896.5","1","2","2"
"2017-04-06 04:00:00.000",,"1","1","1"
"2019-01-12 01:00:00.000",,"1","2","2"
"2013-03-13 01:00:00.000","348646.0","1","3","3"
"2017-05-15 17:00:00.000","451304.0","1","1","1"
"2015-07-21 05:00:00.000",,"1","1","1"
"2013-11-10 22:00:00.000","31093.46530612245","4","367","364"
"2013-11-12 16:00:00.000","6104.738317757009","2","113","113"
"2010-04-26 18:00:00.000","296767.08","1","53","53"
"2017-07-12 20:00:00.000","7.0","1","12","12"
"2015-05-05 20:00:00.000","1033.7916666666667","1","64","47"
"2013-03-09 06:00:00.000","404000.3333333333","1","18","18"
"2011-03-22 12:00:00.000","1114961.606060606","1","35","35"
"2015-05-02 12:00:00.000","225514.57142857142","1","28","20"
"2017-07-05 02:00:00.000",,"1","10","10"
"2013-11-18 00:00:00.000","1159698.4545454546","1","11","11"
"2015-04-28 02:00:00.000","462184.0","1","10","9"
"2017-09-07 18:00:00.000","5849.166666666667","1","25","25"
"2013-03-09 07:00:00.000","193982.33333333334","1","3","3"
"2018-10-02 05:00:00.000","5509.0","3","7","6"
"2014-04-04 09:00:00.000",,"1","1","1"
"2015-07-02 18:00:00.000","196589.0","1","1","1"
"2014-04-28 04:00:00.000","401028.0","1","1","1"
"2015-07-07 18:00:00.000",,"1","1","1"
"2017-03-24 17:00:00.000",,"1","2","2"
"2014-04-27 04:00:00.000","524238.5","1","2","2"
"2017-10-08 11:00:00.000",,"1","5","5"
"2011-10-04 13:00:00.000","551447.0","1","2","1"
"2019-03-03 12:00:00.000","22852.5","1","2","1"
"2016-11-02 00:00:00.000",,"1","1","1"
"2014-09-03 16:00:00.000",,"1","1","1"
"2016-06-06 23:00:00.000","1181268.0","1","1","1"
"2013-11-22 08:00:00.000","3229.0","1","1","1"
"2013-11-20 17:00:00.000","1569297.0","1","62","62"
"2013-11-14 08:00:00.000","551561.4418604651","2","573","573"
"2016-11-22 03:00:00.000",,"1","24","24"
"2013-11-15 11:00:00.000","1722791.2021276595","1","94","94"
"2011-02-18 01:00:00.000","1054890.253164557","1","82","82"
"2017-05-22 07:00:00.000",,"1","3","3"
"2016-04-12 04:00:00.000",,"1","8","8"
"2018-06-18 10:00:00.000",,"1","14","14"
"2015-05-08 10:00:00.000","296878.0","2","20","17"
"2015-04-24 09:00:00.000","195057.6","2","9","9"
"2012-03-14 12:00:00.000","413168.25","1","4","4"
"2013-02-23 06:00:00.000","497384.28571428574","1","7","7"
"2014-04-04 07:00:00.000","1083264.0","1","2","2"
"2013-11-09 09:00:00.000","4461.75","1","17","17"
"2019-01-12 17:00:00.000",,"1","1","1"
"2018-01-13 14:00:00.000",,"1","1","1"
"2013-08-21 16:00:00.000","118262.0","1","1","1"
"2017-07-25 05:00:00.000",,"1","1","1"
"2018-07-01 10:00:00.000",,"1","1","1"
"2013-11-13 13:00:00.000","68950.64013157894","8","1540","1540"
"2011-03-24 03:00:00.000","718280.3214285715","1","33","33"
"2013-04-18 05:00:00.000","892306.5714285715","1","11","11"
"2013-11-08 02:00:00.000","97785.46153846153","2","81","77"
"2013-11-12 12:00:00.000","57348.75555555556","2","50","50"
"2013-11-08 04:00:00.000","3132.0862068965516","3","59","59"
"2018-10-02 03:00:00.000","4481.545454545455","4","18","17"
"2016-11-09 12:00:00.000",,"1","23","23"
"2014-08-08 03:00:00.000","1524930.0","1","18","18"
"2016-12-02 07:00:00.000",,"1","6","6"
"2015-07-10 08:00:00.000","466418.5","2","6","6"
"2017-10-17 20:00:00.000","54193.5","1","4","4"
"2011-02-12 13:00:00.000","22797.0","1","3","3"
"2018-03-29 13:00:00.000",,"1","2","2"
"2019-02-26 00:00:00.000","9.0","1","3","2"
"2013-01-17 05:00:00.000","83.0","1","1","1"
"2019-06-01 13:00:00.000",,"1","2","2"
"2018-01-19 13:00:00.000",,"1","1","1"
"2018-12-29 12:00:00.000",,"1","1","1"
"2017-09-06 14:00:00.000",,"1","2","2"
"2018-08-26 06:00:00.000",,"1","1","1"
"2013-11-10 21:00:00.000","202780.72674418605","5","352","346"
"2011-02-19 13:00:00.000","805352.1071428572","1","28","28"
"2013-11-09 20:00:00.000","5786.391891891892","1","223","222"
"2013-11-09 23:00:00.000","50074.81617647059","5","453","453"
"2018-06-28 16:00:00.000",,"1","18","18"
"2013-07-15 14:00:00.000","628225.5","1","7","7"
"2017-05-15 03:00:00.000",,"2","13","13"
"2016-08-13 03:00:00.000",,"1","3","3"
"2010-02-27 16:00:00.000","3012.0","1","7","7"
"2013-11-15 05:00:00.000","11734.0","2","20","20"
"2017-05-29 03:00:00.000",,"1","10","10"
"2013-03-01 00:00:00.000","1675.0","1","1","1"
"2013-10-30 10:00:00.000","14644.0","1","1","1"
"2017-02-10 07:00:00.000",,"1","1","1"
"2013-07-18 09:00:00.000","770.0","1","1","1"
"2011-02-11 02:00:00.000","1092011.44","1","50","50"
"2015-04-24 11:00:00.000","330645.1111111111","11","68","62"
"2015-05-05 19:00:00.000","1104.3333333333333","1","18","16"
"2013-11-15 10:00:00.000","525671.0","2","55","55"
"2015-04-27 05:00:00.000","36849.0","1","23","18"
"2013-11-21 10:00:00.000","535885.3333333334","2","18","18"
"2019-02-07 05:00:00.000","18243.11111111111","1","16","16"
"2017-10-04 20:00:00.000",,"1","17","17"
"2011-10-04 12:00:00.000","612560.9565217391","1","29","29"
"2015-05-15 14:00:00.000","513539.5","1","25","25"
"2014-12-16 21:00:00.000","1823722.5","1","15","15"
"2016-10-10 04:00:00.000","544379.0","1","3","3"
"2009-09-26 18:00:00.000","237212.36363636365","1","11","8"
"2016-11-15 01:00:00.000","487200.0","1","7","7"
"2008-07-18 18:00:00.000","361296.0","1","3","3"
"2013-11-21 12:00:00.000","5540.0","1","1","1"
"2014-07-30 14:00:00.000","489605.8181818182","1","21","21"
"2016-11-22 02:00:00.000","140864.75","2","313","313"
"2013-11-14 12:00:00.000","1253616.3109243698","3","1300","1300"
"2018-07-22 14:00:00.000",,"1","5","5"
"2013-06-07 06:00:00.000","223053.22222222222","1","10","10"
"2018-01-14 12:00:00.000",,"1","6","6"
"2019-01-14 10:00:00.000",,"1","1","1"
"2015-05-05 21:00:00.000","826.4615384615385","1","17","11"
"2018-03-28 02:00:00.000",,"1","3","3"
"2015-12-03 12:00:00.000","63219.0","1","6","6"
"2017-09-06 04:00:00.000",,"1","1","1"
"2013-12-09 18:00:00.000",,"1","2","2"
"2009-12-01 08:00:00.000","127195.0","1","2","2"
"2011-05-03 11:00:00.000","63362.0","1","1","1"
"2019-04-12 21:00:00.000",,"1","1","1"
"2013-11-08 10:00:00.000","28872.823705179282","4","1157","1141"
"2013-11-13 18:00:00.000","304883.75726141076","8","4582","4572"
"2013-11-08 07:00:00.000","7418.391304347826","1","24","24"
"2015-04-26 05:00:00.000","228758.88095238095","1","203","203"
"2016-11-22 04:00:00.000","976492.0","1","211","211"
"2017-09-17 12:00:00.000","662652.0","1","29","29"
"2013-11-11 02:00:00.000","16435.5","2","29","27"
"2013-06-10 01:00:00.000","205232.375","1","19","19"
"2018-10-02 06:00:00.000","4261.0","3","6","6"
"2016-01-16 10:00:00.000","964704.0","1","7","7"
"2017-07-29 14:00:00.000",,"1","1","1"
"2013-12-01 04:00:00.000","258128.0","1","2","2"
"2015-07-21 22:00:00.000","1520660.0","1","2","2"
"2016-10-20 14:00:00.000",,"1","1","1"
"2013-11-11 15:00:00.000","13971.490476190476","3","364","359"
"2013-11-08 23:00:00.000","28006.06730769231","6","405","405"
"2011-02-11 16:00:00.000","362225.6666666667","1","12","12"
"2013-11-24 15:00:00.000","1978103.5795454546","1","88","88"
"2013-11-14 07:00:00.000","131267.1037735849","2","424","424"
"2013-11-11 13:00:00.000","36951.64541832669","6","297","296"
"2014-08-08 04:00:00.000","1512092.0","1","10","10"
"2017-04-14 10:00:00.000",,"1","1","1"
"2011-02-16 02:00:00.000","474076.0","1","5","5"
"2013-11-20 07:00:00.000","2355651.0","2","3","3"
"2012-02-17 18:00:00.000","42859.9","1","11","11"
"2015-06-18 08:00:00.000","363010.5","1","2","1"
"2013-05-16 03:00:00.000","258568.0","1","1","1"
"2017-02-05 02:00:00.000",,"1","1","1"
"2018-07-20 11:00:00.000",,"1","5","5"
"2018-07-06 11:00:00.000","122811.0","1","3","2"
"2017-06-16 08:00:00.000",,"1","1","1"
"2019-03-21 13:00:00.000",,"1","1","1"
"2013-04-03 05:00:00.000","610631.0","1","1","1"
"2013-11-08 21:00:00.000","27117.09663865546","5","268","261"
"2017-08-22 14:00:00.000","181043.58333333334","1","68","68"
"2017-08-27 22:00:00.000",,"1","28","28"
"2013-11-14 05:00:00.000","181631.50746268657","4","220","217"
"2013-06-13 06:00:00.000","215128.18181818182","1","12","12"
"2014-10-21 12:00:00.000","158657.52173913043","1","61","61"
"2017-07-13 11:00:00.000",,"1","1","1"
"2011-04-01 13:00:00.000","1358713.5555555555","1","9","9"
"2013-11-15 21:00:00.000","88034.33333333333","1","51","51"
"2017-05-14 03:00:00.000","510108.0","1","3","3"
"2017-04-08 08:00:00.000","927175.0","1","3","3"
"2017-07-03 01:00:00.000",,"1","3","3"
"2013-11-14 23:00:00.000","824016.0","1","9","9"
"2017-07-11 19:00:00.000",,"1","4","4"
"2013-05-03 01:00:00.000","910624.5714285715","1","7","7"
"2012-08-25 14:00:00.000","281739.0","1","1","1"
"2013-05-09 01:00:00.000","266175.0","1","1","1"
"2013-11-13 07:00:00.000","4378.5","1","2","2"
"2018-01-22 21:00:00.000","510015.0","1","2","2"
"2009-12-06 08:00:00.000","123361.0","1","1","1"
"2016-02-20 02:00:00.000",,"1","1","1"
"2013-11-08 13:00:00.000","17740.62377210216","8","1057","1052"
"2013-11-08 12:00:00.000","6274.418894830659","5","585","577"
"2013-11-10 04:00:00.000","8914.182608695652","2","116","116"
"2013-11-15 13:00:00.000","1683331.8","1","162","162"
"2011-02-11 05:00:00.000","899300.7727272727","1","44","44"
"2019-04-10 10:00:00.000","203.6","1","27","25"
"2018-11-21 09:00:00.000","360.04347826086956","1","24","10"
"2013-05-14 01:00:00.000","256864.66666666666","1","4","4"
"2019-03-15 05:00:00.000","30282.777777777777","1","14","14"
"2018-06-13 06:00:00.000","413026.0","1","8","8"
"2018-10-09 12:00:00.000","200866.0","1","3","3"
"2013-10-21 04:00:00.000","30736.0","1","8","8"
"2019-04-04 05:00:00.000",,"1","2","2"
"2013-05-21 01:00:00.000","1144641.0","1","5","5"
"2013-02-26 02:00:00.000","151679.4","1","5","5"
"2015-07-12 08:00:00.000","275084.0","1","1","1"
"2016-09-05 06:00:00.000",,"1","8","8"
"2019-03-14 07:00:00.000",,"1","5","5"
"2017-07-10 08:00:00.000",,"1","2","2"
"2019-04-11 23:00:00.000",,"1","1","1"
"2014-01-28 21:00:00.000","693312.0","1","1","1"
"2013-11-10 07:00:00.000","2655.1470588235293","2","98","89"
"2014-04-08 06:00:00.000","282588.0","1","6","6"
"2013-11-08 15:00:00.000","5555.979074889868","4","1183","594"
"2013-11-09 13:00:00.000","99628.12467191601","8","1139","1135"
"2013-05-20 01:00:00.000","249375.33333333334","1","9","9"
"2017-09-28 01:00:00.000","41031.0","1","11","11"
"2018-10-25 06:00:00.000",,"1","1","1"
"2013-02-26 00:00:00.000","191430.25","1","9","9"
"2015-08-24 06:00:00.000","421353.0","1","1","1"
"2016-08-11 04:00:00.000",,"1","1","1"
"2013-12-30 02:00:00.000",,"1","4","4"
"2013-03-04 00:00:00.000","363816.0","1","1","1"
"2018-03-01 02:00:00.000","11.5","1","2","1"
"2016-12-07 01:00:00.000",,"1","1","1"
"2013-06-03 03:00:00.000","228618.0","1","1","1"
"2015-09-19 15:00:00.000",,"1","1","1"
"2016-09-05 05:00:00.000","156226.05714285714","10","73","53"
"2013-11-12 17:00:00.000","81662.61392405063","2","408","408"
"2013-11-10 03:00:00.000","16402.06779661017","4","193","191"
"2013-05-24 05:00:00.000","268616.0","1","5","4"
"2018-10-17 02:00:00.000","39385.0","1","8","7"
"2013-06-13 07:00:00.000","198551.91666666666","1","12","12"
"2018-11-04 13:00:00.000",,"1","1","1"
"2019-03-08 17:00:00.000",,"1","1","1"
"2018-03-05 06:00:00.000",,"1","1","1"
"2008-07-17 19:00:00.000","6806.0","1","1","1"
"2019-02-28 01:00:00.000",,"1","1","1"
"2017-11-07 02:00:00.000",,"1","1","1"
"2019-05-16 23:00:00.000",,"1","1","1"
"2016-08-26 10:00:00.000",,"1","1","1"
"2013-05-10 02:00:00.000","263999.1666666667","1","7","7"
"2013-11-11 16:00:00.000","121017.95427435388","4","738","737"
"2013-11-11 14:00:00.000","4784.743421052632","3","214","192"
"2013-03-07 01:00:00.000","2203335.0","1","2","2"
"2014-01-18 22:00:00.000","177095.0909090909","1","13","13"
"2013-11-09 19:00:00.000","12712.768472906404","3","209","207"
"2013-11-14 06:00:00.000","36615.4","2","44","44"
"2014-04-24 09:00:00.000","3273.5454545454545","1","11","11"
"2010-11-20 14:00:00.000","1559940.0","1","9","9"
"2018-06-11 23:00:00.000","29422.14285714286","1","50","47"
"2016-11-09 14:00:00.000",,"1","2","2"
"2013-06-06 02:00:00.000","518708.0","1","1","1"
"2015-05-13 09:00:00.000","507069.6666666667","1","5","5"
"2018-03-29 12:00:00.000",,"1","3","3"
"2016-09-09 08:00:00.000","1230816.0","1","3","3"
"2013-04-10 07:00:00.000","1077457.5","1","2","2"
"2015-04-17 07:00:00.000","12857.0","1","6","6"
"2013-11-15 22:00:00.000","575484.375","4","1581","1580"
"2017-07-12 18:00:00.000","1197.142857142857","2","144","144"
"2013-02-13 09:00:00.000","385964.0","1","6","6"
"2011-03-27 10:00:00.000","777847.7142857143","1","14","14"
"2017-02-16 11:00:00.000",,"1","2","2"
"2017-10-03 18:00:00.000","1545.0","1","17","17"
"2016-10-24 21:00:00.000",,"1","1","1"
"2014-03-15 20:00:00.000",,"1","1","1"
"2016-08-06 02:00:00.000","588084.0","1","1","1"
"2016-09-26 00:00:00.000","460270.0","1","1","1"
"2015-10-31 03:00:00.000","457390.0","1","1","1"
"2013-11-08 09:00:00.000","20424.842319430314","7","1105","1100"
"2013-11-14 09:00:00.000","1436863.6631944445","4","611","611"
"2013-11-11 19:00:00.000","111262.74893617022","3","357","353"
"2017-01-16 03:00:00.000","60.75","1","8","8"
"2017-07-18 21:00:00.000","59318.25925925926","1","210","206"
"2013-11-18 17:00:00.000","1710651.0","1","40","40"
"2016-11-20 05:00:00.000","16206.0","1","5","5"
"2013-11-21 11:00:00.000",,"1","2","2"
"2018-12-21 16:00:00.000",,"1","35","35"
"2015-07-06 20:00:00.000","441196.0","1","3","3"
"2017-07-24 05:00:00.000",,"1","1","1"
"2016-06-11 10:00:00.000","315005.0","1","1","1"
"2017-05-27 09:00:00.000",,"1","1","1"
"2014-04-08 05:00:00.000","219496.25","1","40","40"
"2013-11-14 18:00:00.000","87678.30769230769","3","25","25"
"2018-10-04 09:00:00.000",,"1","6","6"
"2018-10-05 03:00:00.000","110.25","1","5","5"
"2015-01-31 15:00:00.000","103301.17391304347","1","26","26"
"2013-04-15 03:00:00.000","151416.0","1","7","7"
"2014-06-01 08:00:00.000","690263.4285714285","1","9","9"
"2015-11-17 04:00:00.000","336435.0","1","2","2"
"2015-04-28 08:00:00.000","6365.7692307692305","2","29","25"
"2013-06-04 01:00:00.000","231332.0","1","9","9"
"2017-11-25 23:00:00.000",,"1","2","2"
"2017-04-22 00:00:00.000",,"1","3","3"
"2015-04-28 06:00:00.000","906344.0","1","5","5"
"2018-08-24 04:00:00.000",,"1","1","1"
"2013-05-08 00:00:00.000","264913.0","1","1","1"
"2014-04-15 03:00:00.000",,"1","1","1"
"2016-09-18 17:00:00.000",,"1","3","3"
"2013-11-30 15:00:00.000","185200.0","1","2","2"
"2017-07-28 03:00:00.000","128865.16666666667","1","36","36"
"2016-01-15 20:00:00.000","196.0","1","1","1"
"2013-11-13 20:00:00.000","226331.36956521738","6","335","328"
"2014-12-09 05:00:00.000","744352.75","1","41","41"
"2013-11-17 13:00:00.000","1147288.0","1","100","100"
"2013-11-07 20:00:00.000","7566.29347826087","3","92","87"
"2015-05-06 22:00:00.000","0.75","1","6","5"
"2019-05-22 10:00:00.000",,"1","1","1"
"2013-11-20 20:00:00.000","950558.5","1","11","11"
"2013-11-14 21:00:00.000","323230.0","4","85","85"
"2015-05-02 14:00:00.000","5870.285714285715","1","9","6"
"2018-11-23 07:00:00.000","113427.35714285714","2","20","20"
"2014-06-04 01:00:00.000","81432.0","1","3","3"
"2013-02-25 08:00:00.000","860049.7777777778","1","10","10"
"2013-04-23 06:00:00.000","290390.0","1","1","1"
"2013-05-21 00:00:00.000","157666.33333333334","1","3","3"
"2011-03-31 13:00:00.000","1359783.0","1","12","12"
"2013-11-16 13:00:00.000",,"1","1","1"
"2018-04-09 13:00:00.000",,"1","1","1"
"2017-02-16 08:00:00.000","164.0","1","2","2"
"2013-05-29 01:00:00.000","375951.0","1","4","4"
"2011-03-21 00:00:00.000","929372.3333333334","1","3","3"
"2016-10-10 09:00:00.000","536346.0","1","2","2"
"2013-04-24 00:00:00.000","1752092.0","1","1","1"
"2019-04-11 07:00:00.000",,"1","1","1"
"2013-11-09 10:00:00.000","718642.0","1","1","1"
"2015-09-09 06:00:00.000",,"1","1","1"
"2016-08-09 11:00:00.000",,"1","1","1"
"2018-11-22 07:00:00.000",,"1","1","1"
"2019-01-12 05:00:00.000",,"1","1","1"
"2013-11-10 02:00:00.000","4924.2764705882355","4","220","220"
"2011-01-18 11:00:00.000","171311.60606060605","1","35","35"
"2011-02-12 19:00:00.000","653340.9130434783","2","23","23"
"2013-11-23 02:00:00.000","331902.609375","4","74","73"
"2013-11-11 18:00:00.000","24697.35238095238","7","430","369"
"2013-11-09 02:00:00.000","7988.990654205608","4","114","108"
"2017-11-15 18:00:00.000","139671.0","1","36","34"
"2017-09-26 23:00:00.000",,"1","3","3"
"2015-05-02 05:00:00.000","772793.6666666666","1","8","8"
"2014-04-22 13:00:00.000","57223.0","1","1","1"
"2014-04-09 11:00:00.000","491340.0","1","1","1"
"2008-07-30 20:00:00.000","1006416.0","1","1","1"
"2017-02-09 13:00:00.000","1016487.0","1","1","1"
"2014-08-18 17:00:00.000",,"1","1","1"
"2012-06-04 00:00:00.000","730673.25","1","19","19"
"2014-06-01 09:00:00.000","480866.4666666667","1","30","30"
"2011-02-20 06:00:00.000","1143770.4810126582","1","80","80"
"2013-11-24 13:00:00.000","776538.5","1","121","121"
"2013-11-18 04:00:00.000","5127.0","1","6","6"
"2013-06-11 01:00:00.000","217934.5","1","7","7"
"2015-04-26 14:00:00.000","812834.2857142857","1","12","12"
"2012-03-14 16:00:00.000","602201.6","1","15","15"
"2013-06-05 01:00:00.000","172231.0","1","5","5"
"2016-09-08 22:00:00.000",,"1","1","1"
"2019-04-05 07:00:00.000","7390.25","1","6","6"
"2013-06-10 03:00:00.000","218333.0","1","4","4"
"2013-11-15 12:00:00.000",,"1","4","4"
"2013-11-19 05:00:00.000","8766.0","1","1","1"
"2012-11-19 02:00:00.000","366448.75","1","4","4"
"2015-11-26 20:00:00.000","72858.0","1","1","1"
"2018-01-05 05:00:00.000","541724.0","1","1","1"
"2013-02-27 00:00:00.000","366065.0","1","3","3"
"2013-07-01 03:00:00.000","187162.0","1","1","1"
"2011-03-29 16:00:00.000","1174460.0","1","3","3"
"2011-02-26 08:00:00.000","1419168.0","1","1","1"
"2011-06-16 11:00:00.000","158493.0","1","1","1"
"2017-07-21 03:00:00.000",,"1","1","1"
"2015-04-21 08:00:00.000","277613.0","1","1","1"
"2016-01-22 10:00:00.000",,"1","1","1"
"2013-11-27 12:00:00.000","1063348.0","1","3","3"
"2018-10-17 01:00:00.000","37346.0","1","11","10"
"2016-05-08 06:00:00.000","1516077.0","1","5","5"
"2013-06-19 09:00:00.000","340234.5","1","2","2"
"2015-05-20 16:00:00.000","4244.0","1","1","1"
"2016-04-06 19:00:00.000",,"1","2","2"
"2018-09-12 20:00:00.000",,"1","2","2"
"2016-09-23 15:00:00.000","325.0","1","2","2"
"2016-03-24 10:00:00.000",,"1","2","2"
"2017-09-27 01:00:00.000",,"1","1","1"
"2017-05-16 00:00:00.000",,"1","2","2"
"2017-09-11 06:00:00.000",,"1","1","1"
"2011-01-25 10:00:00.000","1043652.3333333334","1","3","3"
"2015-05-09 08:00:00.000",,"1","1","1"
"2017-03-18 08:00:00.000","338744.0","1","1","1"
"2011-09-22 04:00:00.000","3726582.0","1","1","1"
"2013-11-10 18:00:00.000","9163.603896103896","3","255","254"
"2019-05-03 00:00:00.000",,"2","121","121"
"2017-01-16 04:00:00.000","52656.142857142855","1","25","22"
"2013-11-10 20:00:00.000","86036.68421052632","3","87","87"
"2012-11-27 12:00:00.000","477702.8762886598","1","108","108"
"2017-09-15 14:00:00.000","63823.57142857143","1","109","109"
"2013-11-18 21:00:00.000","1017400.6","1","11","11"
"2013-04-12 03:00:00.000","5285.333333333333","1","4","4"
"2017-10-25 17:00:00.000","27133.0","2","11","11"
"2016-01-18 02:00:00.000",,"1","2","2"
"2018-10-31 04:00:00.000","300252.0","1","7","7"
"2018-11-16 14:00:00.000",,"1","2","2"
"2018-12-31 10:00:00.000",,"1","2","2"
"2019-02-02 15:00:00.000","85334.5","1","2","2"
"2013-11-23 05:00:00.000","704205.3333333334","1","3","3"
"2015-06-11 11:00:00.000","1106530.5","1","2","2"
"2013-11-13 19:00:00.000","72403.42342342342","5","815","815"
"2015-06-10 05:00:00.000","855546.4339622641","1","216","216"
"2016-02-19 19:00:00.000",,"2","4","4"
"2015-05-06 23:00:00.000",,"1","52","52"
"2019-03-15 06:00:00.000",,"1","1","1"
"2017-05-25 02:00:00.000","87952.0","1","12","12"
"2015-07-13 07:00:00.000","414180.6","1","11","11"
"2017-11-08 05:00:00.000","619897.0","1","2","2"
"2018-11-21 08:00:00.000","20422.333333333332","1","6","6"
"2015-04-24 17:00:00.000","1.0","1","2","1"
"2010-06-07 18:00:00.000","341510.0","1","2","2"
"2015-02-27 15:00:00.000","2130466.0","1","3","3"
"2013-07-15 08:00:00.000","304956.125","1","9","5"
"2015-11-24 06:00:00.000","3161.0","1","1","1"
"2013-06-04 02:00:00.000","229592.5","1","2","2"
"2015-07-17 18:00:00.000","810705.0","1","1","1"
"2011-03-20 04:00:00.000","810999.6081081082","1","79","79"
"2013-11-23 14:00:00.000","1827661.431372549","1","156","156"
"2011-03-20 02:00:00.000","702250.0769230769","1","13","13"
"2013-11-11 06:00:00.000","41753.7962962963","3","220","215"
"2015-05-15 15:00:00.000","78316.4","1","17","17"
"2013-11-18 03:00:00.000","4848.333333333333","1","4","4"
"2013-06-10 05:00:00.000","218262.0","1","1","1"
"2015-05-24 10:00:00.000","676416.0","1","4","4"
"2015-05-20 04:00:00.000","676708.0","1","7","7"
"2015-04-25 15:00:00.000","1209855.5","1","7","7"
"2013-05-14 02:00:00.000","504423.0","1","1","1"
"2013-04-23 01:00:00.000","289387.5","1","4","4"
"2017-05-19 02:00:00.000",,"1","3","3"
"2016-11-14 14:00:00.000",,"1","3","3"
"2016-05-04 23:00:00.000","404833.3333333333","1","5","5"
"2019-02-24 16:00:00.000","99086.0","1","1","1"
"2015-01-31 14:00:00.000","94.0","1","2","2"
"2018-03-01 03:00:00.000",,"1","3","3"
"2013-12-15 08:00:00.000","163951.0","1","2","2"
"2013-11-08 11:00:00.000","14939.393495934959","4","618","615"
"2013-11-13 22:00:00.000","739188.8666666667","3","137","137"
"2011-10-08 08:00:00.000","1046879.2","1","5","5"
"2017-01-16 14:00:00.000","105.0","1","17","17"
"2014-06-16 07:00:00.000","87123.23076923077","1","41","41"
"2018-09-05 07:00:00.000","191677.0","1","22","22"
"2016-10-06 03:00:00.000","200489.9090909091","1","52","46"
"2014-04-08 02:00:00.000","187453.96774193548","1","34","33"
"2013-02-26 01:00:00.000","337852.5","1","8","8"
"2016-04-28 01:00:00.000","20296.0","1","29","29"
"2014-02-11 07:00:00.000","194908.0","1","19","19"
"2011-07-02 05:00:00.000","171202.3","1","10","9"
"2011-02-15 14:00:00.000","826098.0","1","2","2"
"2014-11-18 06:00:00.000","296216.1666666667","1","6","6"
"2017-10-19 02:00:00.000","68541.0","1","9","9"
"2017-05-17 10:00:00.000",,"1","5","5"
"2018-11-21 10:00:00.000","29565.85714285714","1","9","5"
"2015-11-16 05:00:00.000",,"1","1","1"
"2017-10-19 03:00:00.000","0.0","1","3","2"
"2014-10-12 11:00:00.000","1.0","1","3","2"
"2013-03-05 01:00:00.000",,"1","2","2"
"2015-07-12 07:00:00.000","413186.0","1","2","2"
"2015-02-16 09:00:00.000","537133.0","1","3","3"
"2019-01-27 00:00:00.000",,"1","1","1"
"2015-05-28 20:00:00.000","1600404.0","1","1","1"
"2013-11-11 00:00:00.000","11255.357894736842","2","124","124"
"2013-11-13 14:00:00.000","47976.06748466258","1","318","318"
"2013-11-08 08:00:00.000","9974.704268292682","4","331","317"
"2013-11-10 00:00:00.000","84886.4834605598","3","571","568"
"2011-09-08 08:00:00.000","50541.0","1","3","3"
"2018-11-21 05:00:00.000","1694.3076923076924","1","18","18"
"2013-11-16 09:00:00.000",,"1","16","16"
"2018-07-22 15:00:00.000",,"1","28","28"
"2013-11-11 01:00:00.000","4247.68","2","34","34"
"2011-02-11 01:00:00.000","17594.0","1","4","4"
"2014-11-20 17:00:00.000",,"1","1","1"
"2018-12-03 11:00:00.000",,"1","1","1"
"2014-01-01 14:00:00.000",,"1","1","1"
"2014-10-26 06:00:00.000",,"1","2","2"
"2017-05-23 07:00:00.000",,"1","2","2"
"2015-09-01 00:00:00.000",,"1","1","1"
"2017-09-05 02:00:00.000",,"1","3","3"
"2016-07-22 12:00:00.000",,"1","1","1"
"2013-11-07 17:00:00.000","7882.561643835616","2","74","74"
"2013-11-14 17:00:00.000","8595.0","3","169","169"
"2013-11-07 19:00:00.000","13488.82251082251","5","249","248"
"2013-11-08 19:00:00.000","29003.296703296703","6","775","770"
"2013-11-10 11:00:00.000","69683.96610169491","2","232","232"
"2019-04-10 14:00:00.000","13.0","1","16","14"
"2013-11-14 19:00:00.000","3507.222222222222","2","12","12"
"2010-06-30 19:00:00.000","595594.9166666666","1","12","12"
"2017-06-02 02:00:00.000",,"2","4","4"
"2015-12-01 05:00:00.000","553972.0","1","82","79"
"2011-02-10 14:00:00.000","1354.0","1","2","2"
"2018-06-10 18:00:00.000",,"1","2","2"
"2013-02-25 07:00:00.000","224937.5","1","2","2"
"2013-11-16 11:00:00.000",,"1","2","2"
"2017-02-24 22:00:00.000","707723.0","1","1","1"
"2016-06-11 20:00:00.000",,"1","1","1"
"2013-11-13 16:00:00.000","16435.354898336413","5","625","598"
"2013-11-13 17:00:00.000","56144.628099173555","5","638","637"
"2013-11-15 08:00:00.000","577265.0","3","148","148"
"2014-06-01 07:00:00.000","707367.3333333334","1","69","66"
"2017-08-11 15:00:00.000","152122.0","1","9","9"
"2014-06-01 05:00:00.000","1092998.5","1","22","22"
"2013-11-18 01:00:00.000","271792.0","1","2","2"
"2013-11-22 09:00:00.000","700899.3333333334","1","5","5"
"2013-04-08 01:00:00.000","869039.75","1","6","6"
"2017-10-26 00:00:00.000","331548.0","1","2","2"
"2011-05-18 13:00:00.000","1239409.5","1","2","2"
"2019-01-16 09:00:00.000",,"1","1","1"
"2011-02-20 20:00:00.000","1432799.0","1","1","1"
"2013-03-02 04:00:00.000","365015.0","1","1","1"
"2016-12-26 06:00:00.000",,"1","1","1"
"2011-02-20 07:00:00.000","1275245.9","1","31","31"
"2011-01-28 09:00:00.000","74553.42857142857","1","7","7"
"2016-11-17 05:00:00.000",,"1","32","32"
"2018-03-10 01:00:00.000",,"1","1","1"
"2015-05-09 17:00:00.000","38.2","1","13","11"
"2013-11-20 19:00:00.000","658231.2093023256","1","70","70"
"2013-02-25 06:00:00.000","457524.0","1","3","3"
"2015-07-14 05:00:00.000","856098.5","1","9","9"
"2012-09-25 06:00:00.000","502859.4","1","22","22"
"2013-08-12 10:00:00.000","84811.0","1","3","3"
"2011-08-16 02:00:00.000","955170.75","1","20","20"
"2017-09-11 15:00:00.000","3255.0","1","31","31"
"2016-01-19 09:00:00.000",,"1","6","6"
"2014-02-04 06:00:00.000",,"1","2","2"
"2013-11-23 11:00:00.000",,"1","5","5"
"2018-10-04 08:00:00.000","5.5","2","10","6"
"2017-05-24 09:00:00.000",,"1","1","1"
"2016-11-14 11:00:00.000",,"1","2","2"
"2013-04-02 01:00:00.000","14467.0","1","2","2"
"2016-09-23 21:00:00.000",,"1","3","3"
"2013-05-29 02:00:00.000","237834.0","1","1","1"
"2013-11-12 15:00:00.000","147304.7469879518","1","420","420"
"2016-09-05 03:00:00.000","17655.78125","13","56","51"
"2017-07-12 19:00:00.000","133.0","1","8","8"
"2013-01-22 16:00:00.000","281464.8","1","5","4"
"2011-02-01 10:00:00.000","493814.3157894737","1","20","20"
"2013-06-13 08:00:00.000","213241.0","1","3","3"
"2011-03-30 08:00:00.000","727571.7333333333","1","17","17"
"2018-02-19 07:00:00.000",,"1","1","1"
"2017-05-16 06:00:00.000",,"2","6","6"
"2011-07-02 03:00:00.000","709887.6","1","5","5"
"2013-04-11 08:00:00.000","421294.0","1","1","1"
"2019-05-14 05:00:00.000",,"1","1","1"
"2016-05-08 05:00:00.000","899487.0","1","3","3"
"2013-02-23 05:00:00.000",,"1","1","1"
"2017-05-29 06:00:00.000",,"1","3","3"
"2011-03-31 06:00:00.000","269675.0","1","1","1"
"2016-10-25 01:00:00.000",,"1","1","1"
"2017-05-28 08:00:00.000","544910.0","1","1","1"
"2018-10-02 04:00:00.000","43.0","1","2","2"
"2013-11-09 21:00:00.000","38311.27755102041","6","546","542"
"2012-09-11 07:00:00.000","494411.56666666665","1","94","94"
"2013-11-08 20:00:00.000","32004.17361111111","5","490","489"
"2017-11-15 15:00:00.000","157.0","1","37","37"
"2016-08-13 06:00:00.000","854279.0","1","1","1"
"2017-11-15 17:00:00.000","67798.77272727272","1","50","50"
"2011-02-11 18:00:00.000","730744.1538461539","1","42","40"
"2017-07-17 19:00:00.000","1700.1666666666667","1","47","45"
"2016-12-02 10:00:00.000",,"1","1","1"
"2018-01-15 23:00:00.000",,"1","1","1"
"2018-04-30 00:00:00.000","223374.0","1","1","1"
"2014-02-09 16:00:00.000","238365.33333333334","1","6","3"
"2014-01-18 21:00:00.000","514867.3333333333","1","3","2"
"2012-02-18 18:00:00.000","72824.0","1","1","1"
"2009-01-27 19:00:00.000","747255.0","1","1","1"
"2013-11-15 23:00:00.000","895098.7558139535","2","923","923"
"2014-04-26 16:00:00.000","366977.6904761905","1","89","87"
"2013-12-10 12:00:00.000","1915255.119047619","1","43","43"
"2013-11-10 15:00:00.000","29098.519637462236","6","377","371"
"2016-06-03 06:00:00.000",,"1","2","2"
"2015-07-31 03:00:00.000","799308.0","1","5","5"
"2015-08-24 14:00:00.000","906516.0","1","3","3"
"2015-04-25 03:00:00.000","43554.0","1","1","1"
"2014-05-15 03:00:00.000","640552.5","1","12","12"
"2013-02-27 02:00:00.000","166638.08333333334","1","12","12"
"2017-12-11 20:00:00.000","422744.5","1","10","10"
"2019-01-26 10:00:00.000",,"1","4","4"
"2016-04-07 10:00:00.000","660842.0","1","5","5"
"2013-11-18 13:00:00.000","1467878.5","1","2","2"
"2010-03-02 00:00:00.000","3685.5","1","2","2"
"2018-05-26 05:00:00.000",,"1","1","1"
"2013-05-10 01:00:00.000","264911.0","1","1","1"
"2016-05-02 19:00:00.000",,"1","1","1"
"2013-05-16 01:00:00.000","258884.5","1","3","3"
"2014-07-16 09:00:00.000",,"1","1","1"
"2013-05-04 01:00:00.000","104348.0","1","1","1"
"2019-05-04 11:00:00.000",,"1","1","1"
"2018-06-29 08:00:00.000",,"1","2","2"
"2013-04-10 06:00:00.000","67.0","1","1","1"
"2017-11-15 14:00:00.000","57439.0","1","93","88"
"2018-10-22 05:00:00.000",,"1","2","2"
"2013-11-08 06:00:00.000","7178.6875","1","19","19"
"2018-08-02 12:00:00.000",,"1","4","4"
"2014-04-23 07:00:00.000","872833.8333333334","1","21","21"
"2015-05-11 17:00:00.000","742309.0833333334","1","28","28"
"2017-03-26 22:00:00.000","350198.0","1","40","40"
"2013-11-24 14:00:00.000",,"1","77","77"
"2017-07-03 02:00:00.000","12556.0","1","2","2"
"2016-12-16 11:00:00.000",,"1","2","2"
"2016-01-23 06:00:00.000",,"1","1","1"
"2013-11-21 06:00:00.000",,"1","4","4"
"2013-01-17 06:00:00.000","252363.6","1","5","5"
"2016-11-09 13:00:00.000",,"1","4","4"
"2017-11-25 06:00:00.000",,"1","5","5"
"2017-09-02 07:00:00.000",,"1","1","1"
"2012-03-21 04:00:00.000","474087.0","1","1","1"
"2011-03-04 15:00:00.000","876431.5","1","4","4"
"2013-11-12 14:00:00.000","2164.6666666666665","3","32","32"
"2013-11-09 22:00:00.000","26564.3468013468","7","639","635"
"2018-06-15 15:00:00.000",,"1","10","10"
"2017-07-18 20:00:00.000",,"1","59","59"
"2015-05-14 10:00:00.000","425096.67647058825","2","142","142"
"2013-11-20 06:00:00.000","466836.5","1","4","4"
"2018-05-14 04:00:00.000",,"1","40","40"
"2016-01-23 04:00:00.000","261101.0","2","3","3"
"2017-05-15 04:00:00.000",,"1","1","1"
"2013-04-19 01:00:00.000","100550.33333333333","1","6","6"
"2013-07-03 07:00:00.000","139228.0","1","4","3"
"2014-08-08 05:00:00.000","1456591.0","1","5","5"
"2012-03-12 10:00:00.000","284344.6153846154","1","13","13"
"2013-04-17 07:00:00.000","184050.6","1","6","6"
"2016-05-10 18:00:00.000","323995.5","1","2","2"
"2013-04-11 07:00:00.000","80236.25","1","6","6"
"2018-10-05 10:00:00.000",,"1","1","1"
"2013-06-26 07:00:00.000","194988.0","1","1","1"
"2016-06-12 23:00:00.000",,"1","1","1"
"2013-11-20 08:00:00.000","751524.0","1","1","1"
"2015-05-25 08:00:00.000","378329.1111111111","1","87","86"
"2013-11-11 04:00:00.000","30418.258620689656","2","61","61"
"2013-11-09 12:00:00.000","31998.808056872036","6","539","534"
"2013-11-12 04:00:00.000","2658.151515151515","1","73","73"
"2014-12-05 15:00:00.000","851487.75","1","14","14"
"2011-02-13 05:00:00.000","218154.5","1","6","6"
"2016-06-09 01:00:00.000",,"1","2","2"
"2013-11-07 18:00:00.000","8661.333333333334","1","12","12"
"2008-07-22 12:00:00.000","620994.0","1","3","3"
"2016-04-07 21:00:00.000","328722.0","1","1","1"
"2010-06-29 20:00:00.000","920074.0","1","7","7"
"2015-07-13 08:00:00.000","1252.0","1","1","1"
"2016-06-06 11:00:00.000",,"1","1","1"
"2018-10-24 12:00:00.000","225826.5","2","7","7"
"2017-01-19 02:00:00.000","732758.0","1","5","5"
"2008-07-19 23:00:00.000","417662.0","1","3","3"
"2017-09-01 22:00:00.000",,"1","1","1"
"2017-02-15 05:00:00.000","1599.0","1","1","1"
"2013-03-07 16:00:00.000",,"1","1","1"
"2014-04-26 14:00:00.000","1064709.0","1","1","1"
"2017-04-23 13:00:00.000",,"1","1","1"
"2013-11-11 11:00:00.000","45586.96363636364","5","638","635"
"2015-06-26 02:00:00.000","820940.0","1","9","9"
"2013-11-13 00:00:00.000","181342.92592592593","1","36","36"
"2013-08-13 08:00:00.000","171553.48571428572","1","35","35"
"2017-09-19 13:00:00.000","1256.5","1","62","62"
"2014-11-11 08:00:00.000","253366.03703703705","1","27","27"
"2013-11-18 09:00:00.000","330509.75","1","12","12"
"2017-11-15 11:00:00.000","75160.75","1","34","34"
"2013-11-16 17:00:00.000","821539.0","1","5","5"
"2013-04-17 02:00:00.000","567053.6666666666","1","5","5"
"2010-06-16 18:00:00.000","19814.6","1","5","5"
"2015-04-27 10:00:00.000","8517.111111111111","1","10","8"
"2016-02-23 14:00:00.000",,"1","1","1"
"2018-02-07 11:00:00.000","372999.0","1","3","3"
"2016-07-02 20:00:00.000",,"1","1","1"
"2014-01-30 01:00:00.000","108425.5","1","2","2"
"2013-11-28 01:00:00.000","1032620.0","1","1","1"
"2013-11-14 01:00:00.000","450266.6388888889","3","845","845"
"2013-11-14 03:00:00.000","708796.6923076923","4","393","393"
"2013-11-08 16:00:00.000","20108.232394366198","5","1104","1100"
"2013-11-09 14:00:00.000","12353.172338090011","4","945","929"
"2017-07-18 13:00:00.000","450.0","1","42","42"
"2016-01-03 14:00:00.000","1448080.0","1","6","6"
"2013-11-08 01:00:00.000",,"1","13","13"
"2012-09-25 05:00:00.000","335904.1111111111","1","9","9"
"2013-04-11 02:00:00.000","458708.8","1","5","5"
"2011-06-23 16:00:00.000","1062114.4","1","5","5"
"2014-09-11 03:00:00.000","330058.0","1","3","3"
"2017-11-25 05:00:00.000",,"1","2","2"
"2013-04-18 02:00:00.000","563424.25","1","10","10"
"2014-10-22 08:00:00.000","300076.0","1","5","5"
"2012-03-12 04:00:00.000","572024.6363636364","1","15","15"
"2014-08-11 07:00:00.000","1683247.0","1","1","1"
"2016-08-22 18:00:00.000",,"1","1","1"
"2010-07-24 11:00:00.000","171498.0","1","2","2"
"2013-04-04 01:00:00.000","316772.0","1","1","1"
"2013-11-15 16:00:00.000",,"1","1","1"
"2018-10-05 07:00:00.000",,"1","1","1"
"2015-11-13 00:00:00.000",,"1","1","1"
"2017-09-19 15:00:00.000","102966.8","1","80","80"
"2015-06-29 10:00:00.000",,"1","26","26"
"2013-11-09 17:00:00.000","23903.360655737706","6","451","450"
"2011-01-25 01:00:00.000","286842.0","1","5","5"
"2013-11-11 09:00:00.000","4020.24","3","45","45"
"2017-11-25 03:00:00.000","5766.0","2","67","66"
"2017-07-19 13:00:00.000","235751.25","1","68","67"
"2010-06-30 16:00:00.000","257329.6","1","20","20"
"2013-11-22 19:00:00.000","2899.0","1","1","1"
"2015-05-20 07:00:00.000","351410.0","1","2","2"
"2010-10-28 14:00:00.000","205355.0","1","1","1"
"2015-04-05 15:00:00.000","22647.0","1","1","1"
"2018-03-25 03:00:00.000",,"1","4","4"
"2018-03-28 11:00:00.000",,"1","1","1"
"2011-01-24 23:00:00.000","79193.0","1","4","3"
"2016-10-26 10:00:00.000","141690.0","1","1","1"
"2015-01-21 09:00:00.000",,"1","1","1"
"2013-11-12 09:00:00.000","1490.0","1","1","1"
"2017-10-14 01:00:00.000","23899.0","1","126","126"
"2018-01-26 02:00:00.000",,"1","4","4"
"2017-07-18 14:00:00.000",,"1","25","25"
"2018-01-19 02:00:00.000",,"1","2","2"
"2017-06-16 03:00:00.000",,"1","3","3"
"2017-01-28 18:00:00.000",,"1","1","1"
"2011-03-21 22:00:00.000","1386301.75","1","4","4"
"2016-09-12 14:00:00.000",,"1","1","1"
"2013-05-07 03:00:00.000","1330133.6666666667","1","4","4"
"2019-01-10 10:00:00.000",,"1","1","1"
"2013-11-20 04:00:00.000","1139583.0","1","3","3"
"2016-12-16 21:00:00.000",,"1","1","1"
"2018-03-08 08:00:00.000",,"1","1","1"
"2016-08-26 04:00:00.000",,"1","1","1"
"2015-03-04 08:00:00.000","57419.0","1","1","1"
"2013-11-10 10:00:00.000","66571.77112676056","3","502","502"
"2013-11-08 18:00:00.000","238262.74034334763","7","534","523"
"2015-11-19 04:00:00.000",,"1","1","1"
"2013-11-10 12:00:00.000","23183.439716312056","4","338","327"
"2010-03-04 13:00:00.000","76620.375","1","8","8"
"2014-11-13 02:00:00.000","2004807.0","1","10","10"
"2010-06-30 17:00:00.000","566111.5555555555","1","18","18"
"2014-12-10 07:00:00.000","628575.0","1","9","9"
"2016-04-25 13:00:00.000","235549.0","1","3","3"
"2017-05-24 08:00:00.000",,"2","6","6"
"2013-03-13 02:00:00.000","116255.5","1","10","10"
"2019-02-08 04:00:00.000","8891.833333333334","1","6","6"
"2014-12-16 05:00:00.000","216054.6","1","15","8"
"2013-06-06 01:00:00.000","225089.5625","1","16","16"
"2014-09-30 04:00:00.000","95681.0","1","1","1"
"2016-10-26 09:00:00.000",,"1","2","2"
"2017-10-25 09:00:00.000","188381.0","1","5","5"
"2013-11-17 12:00:00.000","1846251.3333333333","2","13","13"
"2017-11-15 10:00:00.000",,"1","21","21"
"2017-03-25 02:00:00.000",,"1","1","1"
"2016-01-19 08:00:00.000","199639.0","1","10","8"
"2017-03-05 15:00:00.000","501853.0","1","4","4"
"2017-03-26 16:00:00.000","175475.5","1","5","5"
"2013-08-12 06:00:00.000","84318.0","1","3","3"
"2013-07-18 22:00:00.000","163312.0","1","1","1"
"2014-11-20 02:00:00.000","351639.0","1","3","3"
"2018-04-14 03:00:00.000",,"1","1","1"
"2014-09-23 04:00:00.000","1.0","1","3","2"
"2013-12-23 07:00:00.000","442063.0","1","1","1"
"2013-11-09 18:00:00.000","23757.536945812808","5","275","274"
"2017-10-30 15:00:00.000","22952.0","1","91","91"
"2013-11-11 10:00:00.000","10541.57957957958","4","520","511"
"2013-06-13 01:00:00.000","214593.92857142858","1","28","28"
"2013-11-14 02:00:00.000","342486.3469387755","4","97","96"
"2013-11-22 18:00:00.000",,"1","15","15"
"2011-02-18 13:00:00.000","1311606.2352941176","1","17","17"
"2013-11-21 18:00:00.000","1272321.8","1","26","26"
"2017-05-08 16:00:00.000",,"1","1","1"
"2011-03-04 14:00:00.000","1148382.1","1","10","10"
"2015-03-21 16:00:00.000","115020.0","1","2","2"
"2013-11-13 04:00:00.000","41714.6","2","6","6"
"2016-12-28 07:00:00.000",,"1","1","1"
"2013-01-21 08:00:00.000","419425.0","1","3","3"
"2013-11-22 20:00:00.000","1815.5","1","9","7"
"2016-05-14 22:00:00.000",,"1","1","1"
"2016-02-15 15:00:00.000",,"1","2","2"
"2014-09-24 06:00:00.000",,"1","1","1"
"2014-02-11 05:00:00.000",,"1","1","1"
"2019-01-13 02:00:00.000",,"1","1","1"
"2013-04-16 05:00:00.000","681609.5","1","2","2"
"2017-07-19 15:00:00.000","162464.0","1","36","35"
"2013-11-13 09:00:00.000","2975.4438848920863","3","1559","1556"
"2007-08-24 17:00:00.000","645880.25","1","164","164"
"2011-02-23 07:00:00.000","1509235.925","1","40","40"
"2013-03-15 01:00:00.000","345598.2","1","10","10"
"2016-01-23 03:00:00.000","10950.833333333334","5","13","12"
"2011-04-01 02:00:00.000","2969311.875","1","11","11"
"2011-02-20 15:00:00.000","1026563.6428571428","1","14","14"
"2018-03-13 03:00:00.000",,"1","1","1"
"2017-06-05 02:00:00.000",,"1","1","1"
"2018-10-02 02:00:00.000",,"1","1","1"
"2012-11-22 06:00:00.000","154058.0","1","1","1"
"2015-07-31 08:00:00.000","39288.0","1","1","1"
"2013-11-17 20:00:00.000","1284263.5555555555","1","92","92"
"2013-11-13 12:00:00.000","10984.662303664922","6","386","385"
"2011-04-02 16:00:00.000","1295341.6","1","5","5"
"2017-07-13 14:00:00.000","4944.3125","1","131","128"
"2013-11-14 10:00:00.000","341727.3181818182","4","595","595"
"2013-11-13 10:00:00.000","3947.4392879847424","6","1664","1664"
"2016-09-05 04:00:00.000","465333.5333333333","13","30","26"
"2013-11-11 20:00:00.000","51817.388625592415","5","284","279"
"2013-11-09 04:00:00.000","97577.78205128205","3","199","186"
"2015-11-15 04:00:00.000","56233.40740740741","1","34","31"
"2017-09-01 14:00:00.000","57327.470588235294","1","165","156"
"2018-06-19 05:00:00.000",,"1","1","1"
"2017-08-31 20:00:00.000","29.0","1","52","52"
"2017-01-27 12:00:00.000","776101.0","1","4","4"
"2013-03-09 02:00:00.000","432483.4","1","8","8"
"2015-07-11 08:00:00.000","3.0","2","20","19"
"2017-07-10 06:00:00.000","305557.0","1","2","2"
"2013-11-18 18:00:00.000","8364.0","1","11","11"
"2013-03-08 08:00:00.000","390425.55555555556","1","10","10"
"2013-05-05 00:00:00.000",,"1","1","1"
"2015-12-03 13:00:00.000","749299.0","1","1","1"
"2014-12-06 07:00:00.000","202943.0","1","8","8"
"2008-10-04 15:00:00.000","1088942.0","1","1","1"
"2009-09-22 04:00:00.000","6573.0","1","1","1"
"2017-11-17 12:00:00.000",,"1","1","1"
"2016-07-23 06:00:00.000",,"1","1","1"
"2013-04-22 01:00:00.000","140451.2","1","6","4"
"2013-11-08 14:00:00.000","156967.91551246538","6","756","752"
"2013-05-26 04:00:00.000","168384.58333333334","1","36","36"
"2011-02-24 09:00:00.000","826576.0","1","5","5"
"2018-12-20 03:00:00.000",,"1","4","4"
"2010-04-27 13:00:00.000","284270.375","1","8","8"
"2015-08-21 15:00:00.000","139730.75","1","6","5"
"2013-12-01 09:00:00.000","251306.0","1","2","2"
"2014-01-19 04:00:00.000","12.5","1","4","2"
"2017-01-16 06:00:00.000","1151721.0","1","13","13"
"2013-11-12 22:00:00.000","5651.44776119403","3","67","67"
"2015-11-16 08:00:00.000","513709.3333333333","1","36","35"
"2013-12-16 01:00:00.000","162833.0","1","6","6"
"2019-04-26 04:00:00.000","9852.0","1","2","2"
"2013-11-10 08:00:00.000","99993.75","1","4","4"
"2016-09-21 00:00:00.000","401163.0","1","2","2"
"2015-07-14 02:00:00.000",,"1","3","3"
"2013-02-22 09:00:00.000","13869.0","1","1","1"
"2015-11-22 08:00:00.000",,"1","1","1"
"2013-11-09 08:00:00.000","136.0","1","1","1"
"2013-11-10 06:00:00.000","39902.4","1","203","202"
"2014-06-01 04:00:00.000","1146336.9166666667","1","36","35"
"2017-07-23 12:00:00.000",,"1","8","8"
"2018-06-12 07:00:00.000",,"1","4","4"
"2013-11-14 14:00:00.000","377392.875","2","20","20"
"2013-11-11 22:00:00.000","140356.5","2","79","78"
"2016-04-29 18:00:00.000",,"1","1","1"
"2015-11-23 08:00:00.000","0.0","1","5","4"
"2013-11-16 06:00:00.000","2102889.75","1","10","10"
"2013-05-20 02:00:00.000","249309.0","1","4","4"
"2015-07-23 18:00:00.000","1119833.5","1","4","4"
"2015-05-05 04:00:00.000","1439648.3333333333","1","5","5"
"2016-09-06 08:00:00.000","371227.0","1","3","3"
"2012-03-12 20:00:00.000","504328.0","1","1","1"
"2017-09-05 08:00:00.000",,"1","2","2"
"2013-11-15 20:00:00.000","1388994.9100719425","2","503","499"
"2019-01-16 10:00:00.000",,"1","2","2"
"2011-03-20 06:00:00.000","90620.14893617021","1","47","44"
"2018-04-24 13:00:00.000",,"1","15","15"
"2018-03-26 18:00:00.000",,"1","8","8"
"2016-08-06 01:00:00.000","31.0","1","1","1"
"2016-12-31 02:00:00.000",,"1","2","2"
"2013-08-12 09:00:00.000","132756.55555555556","1","18","18"
"2011-02-24 13:00:00.000","1036560.0","1","1","1"
"2011-02-12 11:00:00.000","1446144.5","1","2","2"
"2013-06-26 01:00:00.000","196920.5","1","6","6"
"2019-03-09 23:00:00.000",,"1","1","1"
"2015-02-04 05:00:00.000","230417.0","1","1","1"
"2015-07-13 12:00:00.000","1246482.0","1","1","1"
"2015-04-28 05:00:00.000","16717.0","1","2","2"
"2015-07-13 14:00:00.000",,"1","1","1"
"2013-02-26 03:00:00.000","195394.0","1","2","2"
"2016-09-01 03:00:00.000",,"1","1","1"
"2013-12-24 07:00:00.000",,"1","1","1"
"2013-11-10 17:00:00.000","5434.3859649122805","3","107","104"
"2017-11-15 13:00:00.000","25099.25","1","106","106"
"2011-02-19 12:00:00.000","563105.1875","1","19","19"
"2014-04-22 10:00:00.000","105971.23170731707","1","88","88"
"2013-11-15 01:00:00.000","557117.2857142857","4","63","63"
"2014-03-23 15:00:00.000","359219.73333333334","1","15","15"
"2016-12-09 06:00:00.000",,"1","1","1"
"2018-10-05 05:00:00.000","153.0","4","16","16"
"2013-11-11 08:00:00.000","7375.25","2","34","34"
"2013-04-03 01:00:00.000","117290.5","1","6","6"
"2014-08-10 16:00:00.000","609919.75","1","5","4"
"2019-01-17 11:00:00.000",,"1","1","1"
"2016-05-14 23:00:00.000","1406194.0","1","1","1"
"2013-06-26 00:00:00.000","358311.6","1","9","9"
"2015-02-03 09:00:00.000","117828.0","1","10","10"
"2016-11-15 13:00:00.000",,"1","2","2"
"2013-04-24 02:00:00.000","289883.5","1","2","2"
"2013-04-17 01:00:00.000","1383058.0","1","2","2"
"2013-01-23 01:00:00.000","249812.0","1","1","1"
"2018-09-02 02:00:00.000",,"1","1","1"
"2013-11-09 01:00:00.000","6452.75","2","50","48"
"2017-09-01 13:00:00.000","67.0","1","44","44"
"2018-10-14 11:00:00.000",,"1","4","4"
"2014-01-04 01:00:00.000","699889.0","1","2","2"
"2011-03-16 23:00:00.000","4610.0","1","1","1"
"2016-11-13 05:00:00.000","830901.0","1","1","1"
"2017-09-10 05:00:00.000","159496.97368421053","1","38","38"
"2013-07-15 13:00:00.000","530906.1379310344","1","40","36"
"2013-11-10 19:00:00.000","2854.1887550200804","3","357","331"
"2013-11-13 11:00:00.000","3155.5752961082912","5","604","603"
"2017-10-23 05:00:00.000","60957.0","1","4","4"
"2013-11-12 11:00:00.000","102081.21739130435","1","26","26"
"2013-11-30 22:00:00.000","989651.0","1","9","9"
"2011-03-01 09:00:00.000","917408.0","1","4","4"
"2016-05-13 07:00:00.000","692474.0","1","2","2"
"2011-03-31 04:00:00.000","1104371.3","1","10","10"
"2013-01-24 03:00:00.000","629.0","1","2","2"
"2015-06-26 04:00:00.000",,"1","4","4"
"2012-03-21 10:00:00.000","864505.0","1","2","2"
"2017-09-23 10:00:00.000",,"1","5","5"
"2017-01-29 03:00:00.000","316127.75","1","4","2"
"2018-10-23 02:00:00.000",,"1","1","1"
"2014-04-25 04:00:00.000","424606.25","1","5","5"
"2016-12-03 08:00:00.000",,"1","7","7"
"2013-11-15 03:00:00.000","388134.6666666667","2","282","282"
"2013-11-08 03:00:00.000","17028.634615384617","1","306","304"
"2013-11-15 06:00:00.000","178799.2","2","14","14"
"2015-05-08 09:00:00.000",,"1","8","8"
"2019-03-18 03:00:00.000",,"1","1","1"
"2015-07-11 07:00:00.000","127944.33333333333","3","11","8"
"2011-02-11 20:00:00.000","812119.8571428572","1","7","7"
"2013-04-12 02:00:00.000","698985.9090909091","1","21","21"
"2013-11-09 03:00:00.000","4871.0","1","22","21"
"2013-05-02 07:00:00.000","277031.0","1","2","2"
"2013-11-26 14:00:00.000",,"1","1","1"
"2007-03-04 04:00:00.000","895803.5","1","2","2"
"2017-09-05 23:00:00.000",,"1","1","1"
"2017-11-12 05:00:00.000",,"1","1","1"
"2013-02-02 22:00:00.000","401034.0","1","1","1"
"2017-08-31 21:00:00.000","910.2857142857143","1","125","124"
"2013-11-12 00:00:00.000","2627.927272727273","2","121","121"
"2013-11-14 16:00:00.000","140815.91836734695","4","405","405"
"2013-11-16 08:00:00.000","1307640.544117647","2","2955","2954"
"2015-08-27 15:00:00.000","1057503.2666666666","1","30","30"
"2016-09-05 07:00:00.000","792559.0","3","9","9"
"2011-02-24 10:00:00.000","813435.0","1","2","2"
"2017-01-30 09:00:00.000",,"1","3","3"
"2015-05-05 02:00:00.000","450010.7","1","15","12"
"2015-04-28 01:00:00.000","6826.6","1","10","9"
"2016-03-25 14:00:00.000","1632079.0","1","4","4"
"2018-05-14 14:00:00.000",,"1","1","1"
"2011-03-20 18:00:00.000","9575.0","1","1","1"
"2014-09-05 16:00:00.000","1175139.6666666667","1","3","3"
"2018-01-03 06:00:00.000",,"1","2","2"
"2015-02-17 03:00:00.000",,"1","2","2"
"2015-05-05 01:00:00.000",,"1","2","2"
"2017-07-21 18:00:00.000",,"1","69","69"
"2013-11-21 17:00:00.000","668794.0","1","54","54"
"2016-11-21 08:00:00.000","185542.38888888888","1","281","281"
"2018-06-25 09:00:00.000",,"1","4","4"
"2010-03-01 18:00:00.000","2844.0","1","10","10"
"2016-09-05 08:00:00.000","1100393.0","1","11","11"
"2018-03-15 20:00:00.000",,"1","1","1"
"2016-07-17 12:00:00.000",,"1","1","1"
"2011-02-15 15:00:00.000","968727.0","1","3","3"
"2013-11-18 22:00:00.000","9274.0","1","7","7"
"2016-09-05 10:00:00.000",,"1","1","1"
"2017-01-28 14:00:00.000",,"1","1","1"
"2017-09-15 18:00:00.000",,"1","1","1"
